Model,Accuracy,Precision,F1
KNN,0.4603960396039604,0.2722833995394721,0.2815393242249956
Decision Tree,0.3564356435643564,0.2770469365515805,0.24663905929175778
