,Model,RMSE,MSE,Correlation Coefficient,P-Value
0, random forrest regressor,56.56095742561352,3199.1419049020656,0.860785975897584,0.0
1, gradient boosting regressor,85.73199877665469,7349.975614240322,0.47928192356047356,0.0
2, tensorflow,82.98584198813415,6886.64997047957,0.4865338725539674,0.0
3, cat boost,63.71351524897949,4059.412025381942,0.8210636747974325,0.0
