,Model,Accuracy,Precision,F1
0,KNN,0.3787128712871287,0.23505981703026038,0.22242284360491235
