Model,Accuracy,Precision,F1
KNN,0.5148514851485149,0.5167500769224873,0.4556439001695856
Decision Tree,0.5470297029702971,0.5038074712643678,0.46994629581814434
