,Model,Accuracy,Precision,F1
0,KNN,0.5148514851485149,0.5167500769224873,0.4556439001695856
