Model,Accuracy,Precision,F1
KNN,0.599009900990099,0.5555555555555555,0.5241158690329929
Decision Tree,0.5470297029702971,0.5038074712643678,0.46994629581814434
