Model,Accuracy,Precision,F1
KNN,0.599009900990099,0.5555555555555555,0.5241158690329929
Decision Tree 1,0.4628712871287129,0.4985208051964756,0.4208666659672787
Decision Tree 2,0.5470297029702971,0.5038074712643678,0.46994629581814434
Random Forest 1,0.5272277227722773,0.5128775037758622,0.4682132981087354
Random Forest 2,0.5321782178217822,0.5170091425528137,0.47648435655959726
